Id,fixed acidity,volatile acidity,citric acid,residual sugar,chlorides,free sulfur dioxide,total sulfur dioxide,density,pH,sulphates,alcohol,quality
1,9.9,0.4,0.53,6.7,0.097,6,19,0.9986,3.27,0.82,11.7,7
2,9,0.62,0.04,1.9,0.146,27,90,0.9984,3.16,0.7,9.4,5
3,8.4,0.62,0.12,1.8,0.072,38,46,0.99504,3.38,0.89,11.8,6
4,7.5,0.38,0.57,2.3,0.106,5,12,0.99605,3.36,0.55,11.4,6
5,9,0.785,0.24,1.7,0.078,10,21,0.99692,3.29,0.67,10,5
6,10.2,0.44,0.42,2,0.071,7,20,0.99566,3.14,0.79,11.1,7
7,7.5,0.59,0.22,1.8,0.082,43,60,0.99499,3.1,0.42,9.2,5
8,6.8,0.67,0.15,1.8,0.118,13,20,0.9954,3.42,0.67,11.3,6
9,11.8,0.33,0.49,3.4,0.093,54,80,1.0002,3.3,0.76,10.7,7
10,7.6,0.51,0.15,2.8,0.11,33,73,0.9955,3.17,0.63,10.2,6
11,8,0.52,0.25,2,0.078,19,59,0.99612,3.3,0.48,10.2,5
12,7.9,0.53,0.24,2,0.072,15,105,0.996,3.27,0.54,9.4,6
13,10.2,0.44,0.58,4.1,0.092,11,24,0.99745,3.29,0.99,12,7
14,6.5,0.39,0.23,8.3,0.051,28,91,0.9952,3.44,0.55,12.1,6
15,8.7,0.69,0,3.2,0.084,13,33,0.9992,3.36,0.45,9.4,5
16,7.1,0.39,0.12,2.1,0.065,14,24,0.99252,3.3,0.53,13.3,6
17,6.6,0.705,0.07,1.6,0.076,6,15,0.9962,3.44,0.58,10.7,5
18,7.1,0.69,0.04,2.1,0.068,19,27,0.99712,3.44,0.67,9.8,5
19,9.1,0.29,0.33,2.05,0.063,13,27,0.99516,3.26,0.84,11.7,7
20,6.9,0.41,0.31,2,0.079,21,51,0.99668,3.47,0.55,9.5,6
21,12.3,0.5,0.49,2.2,0.089,5,14,1.0002,3.19,0.44,9.6,5
22,11.5,0.3,0.6,2,0.067,12,27,0.9981,3.11,0.97,10.1,6
23,6.6,0.855,0.02,2.4,0.062,15,23,0.99627,3.54,0.6,11,6
24,7.1,0.715,0,2.35,0.071,21,47,0.99632,3.29,0.45,9.4,5
25,9.5,0.37,0.52,2,0.088,12,51,0.99613,3.29,0.58,11.1,6
26,6.2,0.57,0.1,2.1,0.048,4,11,0.99448,3.44,0.76,10.8,6
27,7,0.65,0.02,2.1,0.066,8,25,0.9972,3.47,0.67,9.5,6
28,11.3,0.36,0.66,2.4,0.123,3,8,0.99642,3.2,0.53,11.9,6
29,9,0.6,0.29,2,0.069,32,73,0.99654,3.34,0.57,10,5
30,10.4,0.41,0.55,3.2,0.076,22,54,0.9996,3.15,0.89,9.9,6
31,10.3,0.27,0.56,1.4,0.047,3,8,0.99471,3.16,0.51,11.8,6
32,12,0.37,0.76,4.2,0.066,7,38,1.0004,3.22,0.6,13,7
33,8.3,0.33,0.42,2.3,0.07,9,20,0.99426,3.38,0.77,12.7,7
34,10,0.44,0.49,2.7,0.077,11,19,0.9963,3.23,0.63,11.6,7
35,6.1,0.6,0.08,1.8,0.071,14,45,0.99336,3.38,0.54,11,5
36,7.7,0.56,0.08,2.5,0.114,14,46,0.9971,3.24,0.66,9.6,6
37,9.4,0.27,0.53,2.4,0.074,6,18,0.9962,3.2,1.13,12,7
38,10.1,0.38,0.5,2.4,0.104,6,13,0.99643,3.22,0.65,11.6,7
39,6,0.64,0.05,1.9,0.066,9,17,0.99496,3.52,0.78,10.6,5
40,6.5,0.67,0,4.3,0.057,11,20,0.99488,3.45,0.56,11.8,4
41,7.7,0.51,0.28,2.1,0.087,23,54,0.998,3.42,0.74,9.2,5
42,15.6,0.645,0.49,4.2,0.095,10,23,1.00315,2.92,0.74,11.1,5
43,6.6,0.61,0.01,1.9,0.08,8,25,0.99746,3.69,0.73,10.5,5
44,7.9,0.18,0.4,1.8,0.062,7,20,0.9941,3.28,0.7,11.1,5
45,7.3,1.07,0.09,1.7,0.178,10,89,0.9962,3.3,0.57,9,5
46,7.2,0.48,0.07,5.5,0.089,10,18,0.99684,3.37,0.68,11.2,7
47,8.4,0.745,0.11,1.9,0.09,16,63,0.9965,3.19,0.82,9.6,5
48,12.3,0.39,0.63,2.3,0.091,6,18,1.0004,3.16,0.49,9.5,5
49,10.7,0.43,0.39,2.2,0.106,8,32,0.9986,2.89,0.5,9.6,5
50,9,0.47,0.31,2.7,0.084,24,125,0.9984,3.31,0.61,9.4,5
51,7.8,0.53,0.01,1.6,0.077,3,19,0.995,3.16,0.46,9.8,5
52,6.9,0.54,0.3,2.2,0.088,9,105,0.99725,3.25,1.18,10.5,6
53,7.3,0.45,0.36,5.9,0.074,12,87,0.9978,3.33,0.83,10.5,5
54,7.2,0.63,0,1.9,0.097,14,38,0.99675,3.37,0.58,9,6
55,7.5,0.42,0.32,2.7,0.067,7,25,0.99628,3.24,0.44,10.4,5
56,7.6,0.645,0.03,1.9,0.086,14,57,0.9969,3.37,0.46,10.3,5
57,10.9,0.39,0.47,1.8,0.118,6,14,0.9982,3.3,0.75,9.8,6
58,7.6,0.51,0.24,2.4,0.091,8,38,0.998,3.47,0.66,9.6,6
59,6.8,0.59,0.1,1.7,0.063,34,53,0.9958,3.41,0.67,9.7,5
60,7.9,0.32,0.51,1.8,0.341,17,56,0.9969,3.04,1.08,9.2,6
61,11.7,0.49,0.49,2.2,0.083,5,15,1,3.19,0.43,9.2,5
62,8.2,0.28,0.4,2.4,0.052,4,10,0.99356,3.33,0.7,12.8,7
63,6.8,0.64,0.03,2.3,0.075,14,31,0.99545,3.36,0.58,10.4,6
64,10,0.26,0.54,1.9,0.083,42,74,0.99451,2.98,0.63,11.8,8
65,8.6,0.315,0.4,2.2,0.079,3,6,0.99512,3.27,0.67,11.9,6
66,7.8,0.54,0.26,2,0.088,23,48,0.9981,3.41,0.74,9.2,6
67,5.4,0.58,0.08,1.9,0.059,20,31,0.99484,3.5,0.64,10.2,6
68,15,0.21,0.44,2.2,0.075,10,24,1.00005,3.07,0.84,9.2,7
69,12.9,0.5,0.55,2.8,0.072,7,24,1.00012,3.09,0.68,10.9,6
70,7.2,0.73,0.02,2.5,0.076,16,42,0.9972,3.44,0.52,9.3,5
71,7,0.6,0.3,4.5,0.068,20,110,0.99914,3.3,1.17,10.2,5
72,11.5,0.18,0.51,4,0.104,4,23,0.9996,3.28,0.97,10.1,6
73,10,0.48,0.24,2.7,0.102,13,32,1,3.28,0.56,10,6
74,9.4,0.43,0.24,2.8,0.092,14,45,0.998,3.19,0.73,10,6
75,12,0.28,0.49,1.9,0.074,10,21,0.9976,2.98,0.66,9.9,7
76,5.5,0.49,0.03,1.8,0.044,28,87,0.9908,3.5,0.82,14,8
77,7.8,0.56,0.12,2,0.082,7,28,0.997,3.37,0.5,9.4,6
78,11.2,0.28,0.56,1.9,0.075,17,60,0.998,3.16,0.58,9.8,6
79,6.7,0.7,0.08,3.75,0.067,8,16,0.99334,3.43,0.52,12.6,5
80,6.1,0.64,0.02,2.4,0.069,26,46,0.99358,3.47,0.45,11,5
81,6.2,0.46,0.29,2.1,0.074,32,98,0.99578,3.33,0.62,9.8,5
82,8.8,0.52,0.34,2.7,0.087,24,122,0.9982,3.26,0.61,9.5,5
83,8.3,0.54,0.28,1.9,0.077,11,40,0.9978,3.39,0.61,10,6
84,8,1.18,0.21,1.9,0.083,14,41,0.99532,3.34,0.47,10.5,5
85,10.2,0.36,0.64,2.9,0.122,10,41,0.998,3.23,0.66,12.5,6
86,9.6,0.6,0.5,2.3,0.079,28,71,0.9997,3.5,0.57,9.7,5
87,8.8,0.955,0.05,1.8,0.075,5,19,0.99616,3.3,0.44,9.6,4
88,10.9,0.32,0.52,1.8,0.132,17,44,0.99734,3.28,0.77,11.5,6
89,8,0.28,0.44,1.8,0.081,28,68,0.99501,3.36,0.66,11.2,5
90,6.2,0.36,0.24,2.2,0.095,19,42,0.9946,3.57,0.57,11.7,6
91,7.7,0.58,0.1,1.8,0.102,28,109,0.99565,3.08,0.49,9.8,6
92,6.4,0.63,0.21,1.6,0.08,12,32,0.99689,3.58,0.66,9.8,5
93,7.4,0.61,0.01,2,0.074,13,38,0.99748,3.48,0.65,9.8,5
94,10.7,0.43,0.39,2.2,0.106,8,32,0.9986,2.89,0.5,9.6,5
95,8.3,0.76,0.29,4.2,0.075,12,16,0.9965,3.45,0.68,11.5,6
96,7.2,0.34,0.24,2,0.071,30,52,0.99576,3.44,0.58,10.1,5
97,9.1,0.21,0.37,1.6,0.067,6,10,0.99552,3.23,0.58,11.1,7
98,10.8,0.45,0.33,2.5,0.099,20,38,0.99818,3.24,0.71,10.8,5
99,8.2,0.34,0.37,1.9,0.057,43,74,0.99408,3.23,0.81,12,6
100,8.5,0.28,0.56,1.8,0.092,35,103,0.9969,3.3,0.75,10.5,7
101,6.7,0.75,0.12,2,0.086,12,80,0.9958,3.38,0.52,10.1,5
102,7.9,0.72,0.17,2.6,0.096,20,38,0.9978,3.4,0.53,9.5,5
103,6.7,0.54,0.13,2,0.076,15,36,0.9973,3.61,0.64,9.8,5
104,6.8,0.56,0.03,1.7,0.084,18,35,0.9968,3.44,0.63,10,6
105,6.9,0.57,0,2.8,0.081,21,41,0.99518,3.41,0.52,10.8,5
106,7.8,0.41,0.68,1.7,0.467,18,69,0.9973,3.08,1.31,9.3,5
107,7.9,0.54,0.34,2.5,0.076,8,17,0.99235,3.2,0.72,13.1,8
108,9.6,0.33,0.52,2.2,0.074,13,25,0.99509,3.36,0.76,12.4,7
109,7.1,0.6,0.01,2.3,0.079,24,37,0.99514,3.4,0.61,10.9,6
110,8,0.62,0.33,2.7,0.088,16,37,0.9972,3.31,0.58,10.7,6
111,9.3,0.43,0.44,1.9,0.085,9,22,0.99708,3.28,0.55,9.5,5
112,8.8,0.3,0.38,2.3,0.06,19,72,0.99543,3.39,0.72,11.8,6
113,8.7,0.78,0.51,1.7,0.415,12,66,0.99623,3,1.17,9.2,5
114,6.8,0.59,0.1,1.7,0.063,34,53,0.9958,3.41,0.67,9.7,5
115,6.8,0.48,0.25,2,0.076,29,61,0.9953,3.34,0.6,10.4,5
116,10,0.56,0.24,2.2,0.079,19,58,0.9991,3.18,0.56,10.1,6
117,8.1,0.575,0.22,2.1,0.077,12,65,0.9967,3.29,0.51,9.2,5
118,9,0.45,0.49,2.6,0.084,21,75,0.9987,3.35,0.57,9.7,5
119,12,0.39,0.66,3,0.093,12,30,0.9996,3.18,0.63,10.8,7
120,8.6,0.49,0.28,1.9,0.11,20,136,0.9972,2.93,1.95,9.9,6
121,7.1,0.68,0.07,1.9,0.075,16,51,0.99685,3.38,0.52,9.5,5
122,7.3,0.59,0.26,2,0.08,17,104,0.99584,3.28,0.52,9.9,5
123,6.6,0.63,0,4.3,0.093,51,77.5,0.99558,3.2,0.45,9.5,5
124,10,0.31,0.47,2.6,0.085,14,33,0.99965,3.36,0.8,10.5,7
125,8.4,0.29,0.4,1.7,0.067,8,20,0.99603,3.39,0.6,10.5,5
126,8.6,0.63,0.17,2.9,0.099,21,119,0.998,3.09,0.52,9.3,5
127,8.2,1,0.09,2.3,0.065,7,37,0.99685,3.32,0.55,9,6
128,9.7,0.53,0.6,2,0.039,5,19,0.99585,3.3,0.86,12.4,6
129,9.2,0.41,0.5,2.5,0.055,12,25,0.9952,3.34,0.79,13.3,7
130,10.1,0.31,0.35,1.6,0.075,9,28,0.99672,3.24,0.83,11.2,7
131,9.1,0.37,0.32,2.1,0.064,4,15,0.99576,3.3,0.8,11.2,6
132,6.1,0.48,0.09,1.7,0.078,18,30,0.99402,3.45,0.54,11.2,6
133,7,0.69,0,1.9,0.114,3,10,0.99636,3.35,0.6,9.7,6
134,7.7,0.26,0.3,1.7,0.059,20,38,0.9949,3.29,0.47,10.8,6
135,9.3,0.5,0.36,1.8,0.084,6,17,0.99704,3.27,0.77,10.8,6
136,6.7,0.58,0.08,1.8,0.097,15,65,0.9959,3.28,0.54,9.2,5
137,7.5,0.58,0.03,4.1,0.08,27,46,0.99592,3.02,0.47,9.2,5
138,8.4,0.67,0.19,2.2,0.093,11,75,0.99736,3.2,0.59,9.2,4
139,6.9,1.09,0.06,2.1,0.061,12,31,0.9948,3.51,0.43,11.4,4
140,8.3,1.02,0.02,3.4,0.084,6,11,0.99892,3.48,0.49,11,3
141,5.8,0.68,0.02,1.8,0.087,21,94,0.9944,3.54,0.52,10,5
142,7.8,0.39,0.42,2,0.086,9,21,0.99526,3.39,0.66,11.6,6
143,8.9,0.5,0.21,2.2,0.088,21,39,0.99692,3.33,0.83,11.1,6
144,10.8,0.29,0.42,1.6,0.084,19,27,0.99545,3.28,0.73,11.9,6
145,9.2,0.43,0.52,2.3,0.083,14,23,0.9976,3.35,0.61,11.3,6
146,9.9,0.35,0.41,2.3,0.083,11,61,0.9982,3.21,0.5,9.5,5
147,7.5,0.63,0.27,2,0.083,17,91,0.99616,3.26,0.58,9.8,6
148,12.8,0.84,0.63,2.4,0.088,13,35,0.9997,3.1,0.6,10.4,6
149,8.3,0.28,0.48,2.1,0.093,6,12,0.99408,3.26,0.62,12.4,7
150,7.4,0.53,0.26,2,0.101,16,72,0.9957,3.15,0.57,9.4,5
151,11.5,0.59,0.59,2.6,0.087,13,49,0.9988,3.18,0.65,11,6
152,7.8,0.43,0.32,2.8,0.08,29,58,0.9974,3.31,0.64,10.3,5
153,5.6,0.66,0,2.2,0.087,3,11,0.99378,3.71,0.63,12.8,7
154,8.7,0.33,0.38,3.3,0.063,10,19,0.99468,3.3,0.73,12,7
155,9.2,0.92,0.24,2.6,0.087,12,93,0.9998,3.48,0.54,9.8,5
156,8.8,0.33,0.41,5.9,0.073,7,13,0.99658,3.3,0.62,12.1,7
157,6.8,0.56,0.22,1.8,0.074,15,24,0.99438,3.4,0.82,11.2,6
158,12.7,0.59,0.45,2.3,0.082,11,22,1,3,0.7,9.3,6
159,9.2,0.52,1,3.4,0.61,32,69,0.9996,2.74,2,9.4,4
160,7.6,0.3,0.42,2,0.052,6,24,0.9963,3.44,0.82,11.9,6
161,5.6,0.54,0.04,1.7,0.049,5,13,0.9942,3.72,0.58,11.4,5
162,9.1,0.52,0.33,1.3,0.07,9,30,0.9978,3.24,0.6,9.3,5
163,7,0.5,0.14,1.8,0.078,10,23,0.99636,3.53,0.61,10.4,5
164,6.9,0.44,0,1.4,0.07,32,38,0.99438,3.32,0.58,11.4,6
165,9,0.785,0.24,1.7,0.078,10,21,0.99692,3.29,0.67,10,5
166,9.4,0.5,0.34,3.6,0.082,5,14,0.9987,3.29,0.52,10.7,6
167,7.9,0.33,0.23,1.7,0.077,18,45,0.99625,3.29,0.65,9.3,5
168,6.8,0.66,0.07,1.6,0.07,16,61,0.99572,3.29,0.6,9.3,5
169,12.5,0.38,0.6,2.6,0.081,31,72,0.9996,3.1,0.73,10.5,5
170,9.8,0.37,0.39,2.5,0.079,28,65,0.99729,3.16,0.59,9.8,5
171,7.5,0.49,0.2,2.6,0.332,8,14,0.9968,3.21,0.9,10.5,6
172,6.4,0.64,0.21,1.8,0.081,14,31,0.99689,3.59,0.66,9.8,5
173,7.1,0.16,0.44,2.5,0.068,17,31,0.99328,3.35,0.54,12.4,6
174,9.1,0.3,0.41,2,0.068,10,24,0.99523,3.27,0.85,11.7,7
175,6.2,0.52,0.08,4.4,0.071,11,32,0.99646,3.56,0.63,11.6,6
176,8.1,0.545,0.18,1.9,0.08,13,35,0.9972,3.3,0.59,9,6
177,9.9,0.5,0.24,2.3,0.103,6,14,0.9978,3.34,0.52,10,4
178,7.2,0.56,0.26,2,0.083,13,100,0.99586,3.26,0.52,9.9,5
179,8.3,0.655,0.12,2.3,0.083,15,113,0.9966,3.17,0.66,9.8,5
180,8.9,0.62,0.18,3.8,0.176,52,145,0.9986,3.16,0.88,9.2,5
181,11.4,0.26,0.44,3.6,0.071,6,19,0.9986,3.12,0.82,9.3,6
182,10.8,0.89,0.3,2.6,0.132,7,60,0.99786,2.99,1.18,10.2,5
183,7.3,0.59,0.26,7.2,0.07,35,121,0.9981,3.37,0.49,9.4,5
184,7.4,0.5,0.47,2,0.086,21,73,0.997,3.36,0.57,9.1,5
185,8.3,0.78,0.1,2.6,0.081,45,87,0.9983,3.48,0.53,10,5
186,7.6,0.31,0.34,2.5,0.082,26,35,0.99356,3.22,0.59,12.5,7
187,9.2,0.54,0.31,2.3,0.112,11,38,0.99699,3.24,0.56,10.9,5
188,8.6,0.53,0.22,2,0.1,7,27,0.9967,3.2,0.56,10.2,6
189,7.6,0.42,0.25,3.9,0.104,28,90,0.99784,3.15,0.57,9.1,5
190,6.8,0.41,0.31,8.8,0.084,26,45,0.99824,3.38,0.64,10.1,6
191,6.7,0.48,0.02,2.2,0.08,36,111,0.99524,3.1,0.53,9.7,5
192,10.6,0.36,0.57,2.3,0.087,6,20,0.99676,3.14,0.72,11.1,7
193,6.2,0.63,0.31,1.7,0.088,15,64,0.9969,3.46,0.79,9.3,5
194,12.8,0.3,0.74,2.6,0.095,9,28,0.9994,3.2,0.77,10.8,7
195,7.8,0.52,0.25,1.9,0.081,14,38,0.9984,3.43,0.65,9,6
196,7.8,0.44,0.28,2.7,0.1,18,95,0.9966,3.22,0.67,9.4,5
197,7.4,0.52,0.13,2.4,0.078,34,61,0.99528,3.43,0.59,10.8,6
198,7.7,0.26,0.26,2,0.052,19,77,0.9951,3.15,0.79,10.9,6
199,8.1,0.82,0,4.1,0.095,5,14,0.99854,3.36,0.53,9.6,5
200,7.2,0.66,0.03,2.3,0.078,16,86,0.99743,3.53,0.57,9.7,5
201,9.5,0.46,0.24,2.7,0.092,14,44,0.998,3.12,0.74,10,6
202,7,0.685,0,1.9,0.067,40,63,0.9979,3.6,0.81,9.9,5
203,8.3,0.31,0.39,2.4,0.078,17,43,0.99444,3.31,0.77,12.5,7
204,7.8,0.5,0.3,1.9,0.075,8,22,0.9959,3.31,0.56,10.4,6
205,7.8,0.735,0.08,2.4,0.092,10,41,0.9974,3.24,0.71,9.8,6
206,7.5,0.61,0.26,1.9,0.073,24,88,0.99612,3.3,0.53,9.8,5
207,9.2,0.43,0.49,2.4,0.086,23,116,0.9976,3.23,0.64,9.5,5
208,8.3,0.26,0.42,2,0.08,11,27,0.9974,3.21,0.8,9.4,6
209,8.2,0.26,0.34,2.5,0.073,16,47,0.99594,3.4,0.78,11.3,7
210,7.3,0.55,0.01,1.8,0.093,9,15,0.99514,3.35,0.58,11,7
211,8.4,0.52,0.22,2.7,0.084,4,18,0.99682,3.26,0.57,9.9,6
212,7.9,0.545,0.06,4,0.087,27,61,0.9965,3.36,0.67,10.7,6
213,7.5,0.51,0.02,1.7,0.084,13,31,0.99538,3.36,0.54,10.5,6
214,10,0.59,0.31,2.2,0.09,26,62,0.9994,3.18,0.63,10.2,6
215,10.4,0.28,0.54,2.7,0.105,5,19,0.9988,3.25,0.63,9.5,5
216,6.1,0.34,0.25,1.8,0.084,4,28,0.99464,3.36,0.44,10.1,5
217,8,0.42,0.17,2,0.073,6,18,0.9972,3.29,0.61,9.2,6
218,9.9,0.59,0.07,3.4,0.102,32,71,1.00015,3.31,0.71,9.8,5
219,8.8,0.41,0.64,2.2,0.093,9,42,0.9986,3.54,0.66,10.5,5
220,7.8,0.5,0.09,2.2,0.115,10,42,0.9971,3.18,0.62,9.5,5
221,7.3,0.45,0.36,5.9,0.074,12,87,0.9978,3.33,0.83,10.5,5
222,6.8,0.57,0,2.5,0.072,32,64,0.99491,3.43,0.56,11.2,6
223,8.9,0.4,0.32,5.6,0.087,10,47,0.9991,3.38,0.77,10.5,7
224,13,0.32,0.65,2.6,0.093,15,47,0.9996,3.05,0.61,10.6,5
225,8.2,0.78,0,2.2,0.089,13,26,0.9978,3.37,0.46,9.6,4
226,10.6,0.42,0.48,2.7,0.065,5,18,0.9972,3.21,0.87,11.3,6
227,7.2,0.36,0.46,2.1,0.074,24,44,0.99534,3.4,0.85,11,7
228,9.1,0.6,0,1.9,0.058,5,10,0.9977,3.18,0.63,10.4,6
229,8,0.5,0.39,2.6,0.082,12,46,0.9985,3.43,0.62,10.7,6
230,8.2,0.64,0.27,2,0.095,5,77,0.99747,3.13,0.62,9.1,6
231,9.1,0.5,0.3,1.9,0.065,8,17,0.99774,3.32,0.71,10.5,6
232,5,1.02,0.04,1.4,0.045,41,85,0.9938,3.75,0.48,10.5,4
233,7.7,0.18,0.34,2.7,0.066,15,58,0.9947,3.37,0.78,11.8,6
234,7.7,0.58,0.01,1.8,0.088,12,18,0.99568,3.32,0.56,10.5,7
235,8.9,0.4,0.32,5.6,0.087,10,47,0.9991,3.38,0.77,10.5,7
236,7.5,0.57,0.08,2.6,0.089,14,27,0.99592,3.3,0.59,10.4,6
237,11.9,0.57,0.5,2.6,0.082,6,32,1.0006,3.12,0.78,10.7,6
238,7.2,0.695,0.13,2,0.076,12,20,0.99546,3.29,0.54,10.1,5
239,10.4,0.38,0.46,2.1,0.104,6,10,0.99664,3.12,0.65,11.8,7
240,6.4,0.57,0.02,1.8,0.067,4,11,0.997,3.46,0.68,9.5,5
241,7.3,0.305,0.39,1.2,0.059,7,11,0.99331,3.29,0.52,11.5,6
242,7.7,0.715,0.01,2.1,0.064,31,43,0.99371,3.41,0.57,11.8,6
243,7,0.78,0.08,2,0.093,10,19,0.9956,3.4,0.47,10,5
244,7,0.6,0.3,4.5,0.068,20,110,0.99914,3.3,1.17,10.2,5
245,6.4,0.57,0.12,2.3,0.12,25,36,0.99519,3.47,0.71,11.3,7
246,9,0.58,0.25,2.8,0.075,9,104,0.99779,3.23,0.57,9.7,5
247,10,0.29,0.4,2.9,0.098,10,26,1.0006,3.48,0.91,9.7,5
248,6.6,0.63,0,4.3,0.093,51,77.5,0.99558,3.2,0.45,9.5,5
249,8.5,0.21,0.52,1.9,0.09,9,23,0.99648,3.36,0.67,10.4,5
250,8.2,0.31,0.4,2.2,0.058,6,10,0.99536,3.31,0.68,11.2,7
251,12.4,0.49,0.58,3,0.103,28,99,1.0008,3.16,1,11.5,6
252,9.4,0.395,0.46,4.6,0.094,3,10,0.99639,3.27,0.64,12.2,7
253,7.4,0.41,0.24,1.8,0.066,18,47,0.9956,3.37,0.62,10.4,5
254,8.4,0.34,0.42,2.1,0.072,23,36,0.99392,3.11,0.78,12.4,6
255,6.9,0.685,0,2.5,0.105,22,37,0.9966,3.46,0.57,10.6,6
256,5.9,0.395,0.13,2.4,0.056,14,28,0.99362,3.62,0.67,12.4,6
257,7.7,0.965,0.1,2.1,0.112,11,22,0.9963,3.26,0.5,9.5,5
258,8.8,0.4,0.4,2.2,0.079,19,52,0.998,3.44,0.64,9.2,5
259,8,0.58,0.16,2,0.12,3,7,0.99454,3.22,0.58,11.2,6
260,12.2,0.34,0.5,2.4,0.066,10,21,1,3.12,1.18,9.2,6
261,8.4,0.62,0.09,2.2,0.084,11,108,0.9964,3.15,0.66,9.8,5
262,6.9,0.55,0.15,2.2,0.076,19,40,0.9961,3.41,0.59,10.1,5
263,9.7,0.32,0.54,2.5,0.094,28,83,0.9984,3.28,0.82,9.6,5
264,7.2,0.38,0.3,1.8,0.073,31,70,0.99685,3.42,0.59,9.5,6
265,7.9,0.69,0.21,2.1,0.08,33,141,0.9962,3.25,0.51,9.9,5
266,8.6,0.645,0.25,2,0.083,8,28,0.99815,3.28,0.6,10,6
267,11.1,0.45,0.73,3.2,0.066,6,22,0.9986,3.17,0.66,11.2,6
268,6.6,0.58,0,2.2,0.1,50,63,0.99544,3.59,0.68,11.4,6
269,6.7,0.54,0.13,2,0.076,15,36,0.9973,3.61,0.64,9.8,5
270,9.9,0.53,0.57,2.4,0.093,30,52,0.9971,3.19,0.76,11.6,7
271,5.6,0.31,0.37,1.4,0.074,12,96,0.9954,3.32,0.58,9.2,5
272,8.3,0.43,0.3,3.4,0.079,7,34,0.99788,3.36,0.61,10.5,5
273,7.7,0.665,0,2.4,0.09,8,19,0.9974,3.27,0.73,9.3,5
274,6.9,0.67,0.06,2.1,0.08,8,33,0.99845,3.68,0.71,9.6,5
275,7.6,0.41,0.24,1.8,0.08,4,11,0.9962,3.28,0.59,9.5,5
276,7.2,0.37,0.32,2,0.062,15,28,0.9947,3.23,0.73,11.3,7
277,9.9,0.5,0.5,13.8,0.205,48,82,1.00242,3.16,0.75,8.8,5
278,10.8,0.4,0.41,2.2,0.084,7,17,0.9984,3.08,0.67,9.3,6
279,11.1,0.31,0.49,2.7,0.094,16,47,0.9986,3.12,1.02,10.6,7
280,8.6,0.37,0.65,6.4,0.08,3,8,0.99817,3.27,0.58,11,5
281,6.8,0.815,0,1.2,0.267,16,29,0.99471,3.32,0.51,9.8,3
282,7.3,0.51,0.18,2.1,0.07,12,28,0.99768,3.52,0.73,9.5,6
283,6.8,0.81,0.05,2,0.07,6,14,0.99562,3.51,0.66,10.8,6
284,9.1,0.785,0,2.6,0.093,11,28,0.9994,3.36,0.86,9.4,6
285,9.4,0.27,0.53,2.4,0.074,6,18,0.9962,3.2,1.13,12,7
286,14,0.41,0.63,3.8,0.089,6,47,1.0014,3.01,0.81,10.8,6
287,7.4,0.635,0.1,2.4,0.08,16,33,0.99736,3.58,0.69,10.8,7
288,9.5,0.39,0.41,8.9,0.069,18,39,0.99859,3.29,0.81,10.9,7
289,11.5,0.18,0.51,4,0.104,4,23,0.9996,3.28,0.97,10.1,6
290,9.3,0.715,0.24,2.1,0.07,5,20,0.9966,3.12,0.59,9.9,5
291,5.3,0.47,0.11,2.2,0.048,16,89,0.99182,3.54,0.88,13.6,7
292,8.3,0.845,0.01,2.2,0.07,5,14,0.9967,3.32,0.58,11,4
293,10.3,0.34,0.52,2.8,0.159,15,75,0.9998,3.18,0.64,9.4,5
294,7.6,1.58,0,2.1,0.137,5,9,0.99476,3.5,0.4,10.9,3
295,7.1,0.59,0.01,2.5,0.077,20,85,0.99746,3.55,0.59,9.8,5
296,6.8,0.67,0,1.9,0.08,22,39,0.99701,3.4,0.74,9.7,5
297,8,0.39,0.3,1.9,0.074,32,84,0.99717,3.39,0.61,9,5
298,7.7,0.56,0.2,2,0.075,9,39,0.9987,3.48,0.62,9.3,5
299,8.9,0.28,0.45,1.7,0.067,7,12,0.99354,3.25,0.55,12.3,7
300,7.1,0.65,0.18,1.8,0.07,13,40,0.997,3.44,0.6,9.1,5
301,8.2,0.33,0.32,2.8,0.067,4,12,0.99473,3.3,0.76,12.8,7
302,9.9,0.32,0.56,2,0.073,3,8,0.99534,3.15,0.73,11.4,6
303,9.1,0.36,0.39,1.8,0.06,21,55,0.99495,3.18,0.82,11,7
304,10.2,0.34,0.48,2.1,0.052,5,9,0.99458,3.2,0.69,12.1,7
305,7.8,0.55,0.35,2.2,0.074,21,66,0.9974,3.25,0.56,9.2,5
306,7.2,0.6,0.04,2.5,0.076,18,88,0.99745,3.53,0.55,9.5,5
307,10.6,0.44,0.68,4.1,0.114,6,24,0.997,3.06,0.66,13.4,6
308,7.4,1.185,0,4.25,0.097,5,14,0.9966,3.63,0.54,10.7,3
309,8.8,0.6,0.29,2.2,0.098,5,15,0.9988,3.36,0.49,9.1,5
310,13.4,0.27,0.62,2.6,0.082,6,21,1.0002,3.16,0.67,9.7,6
311,10.4,0.61,0.49,2.1,0.2,5,16,0.9994,3.16,0.63,8.4,3
312,8.1,0.87,0,2.2,0.084,10,31,0.99656,3.25,0.5,9.8,5
313,8.7,0.42,0.45,2.4,0.072,32,59,0.99617,3.33,0.77,12,6
314,8.2,0.7,0.23,2,0.099,14,81,0.9973,3.19,0.7,9.4,5
315,6.1,0.58,0.23,2.5,0.044,16,70,0.99352,3.46,0.65,12.5,6
316,9.3,0.49,0.36,1.7,0.081,3,14,0.99702,3.27,0.78,10.9,6
317,7.4,0.965,0,2.2,0.088,16,32,0.99756,3.58,0.67,10.2,5
318,8.3,0.34,0.4,2.4,0.065,24,48,0.99554,3.34,0.86,11,6
319,7.6,0.43,0.4,2.7,0.082,6,11,0.99538,3.44,0.54,12.2,6
320,7.8,0.57,0.31,1.8,0.069,26,120,0.99625,3.29,0.53,9.3,5
321,8.3,0.705,0.12,2.6,0.092,12,28,0.9994,3.51,0.72,10,5
322,9,0.53,0.49,1.9,0.171,6,25,0.9975,3.27,0.61,9.4,6
323,9.9,0.63,0.24,2.4,0.077,6,33,0.9974,3.09,0.57,9.4,5
324,6.5,0.63,0.33,1.8,0.059,16,28,0.99531,3.36,0.64,10.1,6
325,5.6,0.62,0.03,1.5,0.08,6,13,0.99498,3.66,0.62,10.1,4
326,8.7,0.48,0.3,2.8,0.066,10,28,0.9964,3.33,0.67,11.2,7
327,7.1,0.72,0,1.8,0.123,6,14,0.99627,3.45,0.58,9.8,5
328,7.2,0.57,0.05,2.3,0.081,16,36,0.99564,3.38,0.6,10.3,6
329,7.1,0.59,0,2.2,0.078,26,44,0.99522,3.42,0.68,10.8,6
330,7.5,0.52,0.11,1.5,0.079,11,39,0.9968,3.42,0.58,9.6,5
331,6,0.42,0.19,2,0.075,22,47,0.99522,3.39,0.78,10,6
332,7.4,0.785,0.19,5.2,0.094,19,98,0.99713,3.16,0.52,9.566666667,6
333,9.6,0.68,0.24,2.2,0.087,5,28,0.9988,3.14,0.6,10.2,5
334,8,0.31,0.45,2.1,0.216,5,16,0.99358,3.15,0.81,12.5,7
335,7.2,0.725,0.05,4.65,0.086,4,11,0.9962,3.41,0.39,10.9,5
336,8.1,0.545,0.18,1.9,0.08,13,35,0.9972,3.3,0.59,9,6
337,7.7,0.715,0.01,2.1,0.064,31,43,0.99371,3.41,0.57,11.8,6
338,7.5,0.42,0.31,1.6,0.08,15,42,0.9978,3.31,0.64,9,5
339,8.2,0.39,0.49,2.3,0.099,47,133,0.9979,3.38,0.99,9.8,5
340,7.6,0.42,0.08,2.7,0.084,15,48,0.9968,3.21,0.59,10,5
341,10.1,0.37,0.34,2.4,0.085,5,17,0.99683,3.17,0.65,10.6,7
342,7.5,0.58,0.56,3.1,0.153,5,14,0.99476,3.21,1.03,11.6,6
343,7.4,0.59,0.08,4.4,0.086,6,29,0.9974,3.38,0.5,9,4
344,7,0.735,0.05,2,0.081,13,54,0.9966,3.39,0.57,9.8,5
345,8.5,0.37,0.2,2.8,0.09,18,58,0.998,3.34,0.7,9.6,6
346,8.3,0.61,0.3,2.1,0.084,11,50,0.9972,3.4,0.61,10.2,6
347,7.3,0.38,0.21,2,0.08,7,35,0.9961,3.33,0.47,9.5,5
348,7.6,0.4,0.29,1.9,0.078,29,66,0.9971,3.45,0.59,9.5,6
349,7.5,0.77,0.2,8.1,0.098,30,92,0.99892,3.2,0.58,9.2,5
350,7,0.69,0.07,2.5,0.091,15,21,0.99572,3.38,0.6,11.3,6
351,7.8,0.46,0.26,1.9,0.088,23,53,0.9981,3.43,0.74,9.2,6
352,5.9,0.61,0.08,2.1,0.071,16,24,0.99376,3.56,0.77,11.1,6
353,7.2,0.63,0,1.9,0.097,14,38,0.99675,3.37,0.58,9,6
354,7.3,0.33,0.47,2.1,0.077,5,11,0.9958,3.33,0.53,10.3,6
355,7,0.655,0.16,2.1,0.074,8,25,0.99606,3.37,0.55,9.7,5
356,10.2,0.42,0.57,3.4,0.07,4,10,0.9971,3.04,0.63,9.6,5
357,11.2,0.66,0.24,2.5,0.085,16,53,0.9993,3.06,0.72,11,6
358,7.4,0.58,0,2,0.064,7,11,0.99562,3.45,0.58,11.3,6
359,8.7,0.63,0.28,2.7,0.096,17,69,0.99734,3.26,0.63,10.2,6
360,7.1,0.35,0.29,2.5,0.096,20,53,0.9962,3.42,0.65,11,6
361,9.3,0.43,0.44,1.9,0.085,9,22,0.99708,3.28,0.55,9.5,5
362,7.9,0.5,0.33,2,0.084,15,143,0.9968,3.2,0.55,9.5,5
363,9.3,0.655,0.26,2,0.096,5,35,0.99738,3.25,0.42,9.6,5
364,11.5,0.42,0.48,2.6,0.077,8,20,0.99852,3.09,0.53,11,5
365,7.6,0.46,0.11,2.6,0.079,12,49,0.9968,3.21,0.57,10,5
366,7.5,0.71,0,1.6,0.092,22,31,0.99635,3.38,0.58,10,6
367,8.3,0.53,0,1.4,0.07,6,14,0.99593,3.25,0.64,10,6
368,7.5,0.77,0.2,8.1,0.098,30,92,0.99892,3.2,0.58,9.2,5
369,8.8,0.64,0.17,2.9,0.084,25,130,0.99818,3.23,0.54,9.6,5
370,7.1,0.43,0.42,5.5,0.071,28,128,0.9973,3.42,0.71,10.5,5
371,7.2,0.49,0.24,2.2,0.07,5,36,0.996,3.33,0.48,9.4,5
372,6,0.5,0,1.4,0.057,15,26,0.99448,3.36,0.45,9.5,5
373,10.7,0.4,0.37,1.9,0.081,17,29,0.99674,3.12,0.65,11.2,6
374,7,0.54,0,2.1,0.079,39,55,0.9956,3.39,0.84,11.4,6
375,7,0.38,0.49,2.5,0.097,33,85,0.9962,3.39,0.77,11.4,6
376,11.4,0.6,0.49,2.7,0.085,10,41,0.9994,3.15,0.63,10.5,6
377,6.3,0.6,0.1,1.6,0.048,12,26,0.99306,3.55,0.51,12.1,5
378,6.4,0.67,0.08,2.1,0.045,19,48,0.9949,3.49,0.49,11.4,6
379,7.2,0.62,0.01,2.3,0.065,8,46,0.99332,3.32,0.51,11.8,6
380,6.8,0.5,0.11,1.5,0.075,16,49,0.99545,3.36,0.79,9.5,5
381,8.3,0.615,0.22,2.6,0.087,6,19,0.9982,3.26,0.61,9.3,5
382,8.1,0.73,0,2.5,0.081,12,24,0.99798,3.38,0.46,9.6,4
383,8.4,0.37,0.53,1.8,0.413,9,26,0.9979,3.06,1.06,9.1,6
384,8.9,0.84,0.34,1.4,0.05,4,10,0.99554,3.12,0.48,9.1,6
385,7.6,0.48,0.31,2.8,0.07,4,15,0.99693,3.22,0.55,10.3,6
386,9.1,0.765,0.04,1.6,0.078,4,14,0.998,3.29,0.54,9.7,4
387,7.4,0.635,0.1,2.4,0.08,16,33,0.99736,3.58,0.69,10.8,7
388,11.1,0.31,0.53,2.2,0.06,3,10,0.99572,3.02,0.83,10.9,7
389,7.2,0.57,0.06,1.6,0.076,9,27,0.9972,3.36,0.7,9.6,6
390,10,0.46,0.44,2.9,0.065,4,8,0.99674,3.33,0.62,12.2,6
391,11.9,0.39,0.69,2.8,0.095,17,35,0.9994,3.1,0.61,10.8,6
392,9.1,0.795,0,2.6,0.096,11,26,0.9994,3.35,0.83,9.4,6
393,9,0.66,0.17,3,0.077,5,13,0.9976,3.29,0.55,10.4,5
394,8,0.43,0.36,2.3,0.075,10,48,0.9976,3.34,0.46,9.4,5
395,6.3,0.36,0.19,3.2,0.075,15,39,0.9956,3.56,0.52,12.7,6
396,8.3,0.715,0.15,1.8,0.089,10,52,0.9968,3.23,0.77,9.5,5
397,7.5,0.5,0.36,6.1,0.071,17,102,0.9978,3.35,0.8,10.5,5
398,9,0.43,0.34,2.5,0.08,26,86,0.9987,3.38,0.62,9.5,6
399,12.7,0.6,0.49,2.8,0.075,5,19,0.9994,3.14,0.57,11.4,5
400,8,0.6,0.08,2.6,0.056,3,7,0.99286,3.22,0.37,13,5
401,7.7,0.6,0.06,2,0.079,19,41,0.99697,3.39,0.62,10.1,6
402,8.6,0.49,0.29,2,0.11,19,133,0.9972,2.93,1.98,9.8,5
403,8.2,0.4,0.31,1.9,0.082,8,24,0.996,3.24,0.69,10.6,6
404,6.4,0.57,0.14,3.9,0.07,27,73,0.99669,3.32,0.48,9.2,5
405,7.8,0.815,0.01,2.6,0.074,48,90,0.99621,3.38,0.62,10.8,5
406,8,0.59,0.05,2,0.089,12,32,0.99735,3.36,0.61,10,5
407,9.4,0.33,0.59,2.8,0.079,9,30,0.9976,3.12,0.54,12,6
408,7.1,0.6,0,1.8,0.074,16,34,0.9972,3.47,0.7,9.9,6
409,8.5,0.18,0.51,1.75,0.071,45,88,0.99524,3.33,0.76,11.8,7
410,7.3,0.305,0.39,1.2,0.059,7,11,0.99331,3.29,0.52,11.5,6
411,7.8,0.62,0.05,2.3,0.079,6,18,0.99735,3.29,0.63,9.3,5
412,12,0.63,0.5,1.4,0.071,6,26,0.99791,3.07,0.6,10.4,4
413,7.7,0.57,0.21,1.5,0.069,4,9,0.99458,3.16,0.54,9.8,6
414,10.7,0.46,0.39,2,0.061,7,15,0.9981,3.18,0.62,9.5,5
415,11.3,0.36,0.66,2.4,0.123,3,8,0.99642,3.2,0.53,11.9,6
416,10,0.42,0.5,3.4,0.107,7,21,0.9979,3.26,0.93,11.8,6
417,7.4,0.49,0.27,2.1,0.071,14,25,0.99388,3.35,0.63,12,6
418,9.3,0.61,0.26,3.4,0.09,25,87,0.99975,3.24,0.62,9.7,5
419,7.9,0.65,0.01,2.5,0.078,17,38,0.9963,3.34,0.74,11.7,7
420,6.3,0.47,0,1.4,0.055,27,33,0.9922,3.45,0.48,12.3,6
421,9.8,0.98,0.32,2.3,0.078,35,152,0.998,3.25,0.48,9.4,5
422,7.8,0.56,0.19,1.8,0.104,12,47,0.9964,3.19,0.93,9.5,5
423,8.8,0.6,0.29,2.2,0.098,5,15,0.9988,3.36,0.49,9.1,5
424,7.7,0.54,0.26,1.9,0.089,23,147,0.99636,3.26,0.59,9.7,5
425,9,0.36,0.52,2.1,0.111,5,10,0.99568,3.31,0.62,11.3,6
426,6.4,0.37,0.25,1.9,0.074,21,49,0.9974,3.57,0.62,9.8,6
427,7.2,0.63,0.03,2.2,0.08,17,88,0.99745,3.53,0.58,9.8,6
428,8.8,0.66,0.26,1.7,0.074,4,23,0.9971,3.15,0.74,9.2,5
429,10.1,0.43,0.4,2.6,0.092,13,52,0.99834,3.22,0.64,10,7
430,6.7,0.46,0.24,1.7,0.077,18,34,0.9948,3.39,0.6,10.6,6
431,7.2,0.36,0.46,2.1,0.074,24,44,0.99534,3.4,0.85,11,7
432,8.9,0.4,0.51,2.6,0.052,13,27,0.995,3.32,0.9,13.4,7
433,7.8,0.63,0.48,1.7,0.1,14,96,0.9961,3.19,0.62,9.5,5
434,9.3,0.33,0.45,1.5,0.057,19,37,0.99498,3.18,0.89,11.1,7
435,9.4,0.615,0.28,3.2,0.087,18,72,1.0001,3.31,0.53,9.7,5
436,6.6,0.735,0.02,7.9,0.122,68,124,0.9994,3.47,0.53,9.9,5
437,11.9,0.58,0.66,2.5,0.072,6,37,0.9992,3.05,0.56,10,5
438,7.6,0.41,0.49,2,0.088,16,43,0.998,3.48,0.64,9.1,5
439,8.7,0.31,0.46,1.4,0.059,11,25,0.9966,3.36,0.76,10.1,6
440,10.2,0.36,0.64,2.9,0.122,10,41,0.998,3.23,0.66,12.5,6
441,7.2,0.36,0.46,2.1,0.074,24,44,0.99534,3.4,0.85,11,7
442,7.7,0.39,0.12,1.7,0.097,19,27,0.99596,3.16,0.49,9.4,5
443,8.4,0.62,0.12,1.8,0.072,38,46,0.99504,3.38,0.89,11.8,6
444,9.2,0.59,0.24,3.3,0.101,20,47,0.9988,3.26,0.67,9.6,5
445,9.1,0.45,0.35,2.4,0.08,23,78,0.9987,3.38,0.62,9.5,5
446,6.9,0.84,0.21,4.1,0.074,16,65,0.99842,3.53,0.72,9.25,6
447,6.9,0.605,0.12,10.7,0.073,40,83,0.9993,3.45,0.52,9.4,6
448,6,0.5,0.04,2.2,0.092,13,26,0.99647,3.46,0.47,10,5
449,11.9,0.43,0.66,3.1,0.109,10,23,1,3.15,0.85,10.4,7
450,8.3,0.6,0.25,2.2,0.118,9,38,0.99616,3.15,0.53,9.8,5
451,9.7,0.55,0.17,2.9,0.087,20,53,1.0004,3.14,0.61,9.4,5
452,5.9,0.645,0.12,2,0.075,32,44,0.99547,3.57,0.71,10.2,5
453,7,0.65,0.02,2.1,0.066,8,25,0.9972,3.47,0.67,9.5,6
454,8.2,0.24,0.34,5.1,0.062,8,22,0.9974,3.22,0.94,10.9,6
455,7.1,0.36,0.3,1.6,0.08,35,70,0.99693,3.44,0.5,9.4,5
456,8.9,0.31,0.36,2.6,0.056,10,39,0.99562,3.4,0.69,11.8,5
457,8.1,0.53,0.22,2.2,0.078,33,89,0.99678,3.26,0.46,9.6,6
458,9.1,0.5,0.3,1.9,0.065,8,17,0.99774,3.32,0.71,10.5,6
459,7.2,0.37,0.32,2,0.062,15,28,0.9947,3.23,0.73,11.3,7
460,7.9,0.57,0.31,2,0.079,10,79,0.99677,3.29,0.69,9.5,6
461,7.6,0.49,0.33,1.9,0.074,27,85,0.99706,3.41,0.58,9,5
462,10.5,0.39,0.46,2.2,0.075,14,27,0.99598,3.06,0.84,11.4,6
463,7.7,0.6,0,2.6,0.055,7,13,0.99639,3.38,0.56,10.8,5
464,6.2,0.39,0.43,2,0.071,14,24,0.99428,3.45,0.87,11.2,7
465,8.7,0.69,0.31,3,0.086,23,81,1.0002,3.48,0.74,11.6,6
466,7.9,0.19,0.42,1.6,0.057,18,30,0.994,3.29,0.69,11.2,6
467,8.9,0.31,0.57,2,0.111,26,85,0.9971,3.26,0.53,9.7,5
468,7,0.54,0.09,2,0.081,10,16,0.99479,3.43,0.59,11.5,6
469,8.8,0.44,0.49,2.8,0.083,18,111,0.9982,3.3,0.6,9.5,5
470,7.2,0.695,0.13,2,0.076,12,20,0.99546,3.29,0.54,10.1,5
471,7.4,0.61,0.01,2,0.074,13,38,0.99748,3.48,0.65,9.8,5
472,10.9,0.37,0.58,4,0.071,17,65,0.99935,3.22,0.78,10.1,5
473,6.8,0.59,0.06,6,0.06,11,18,0.9962,3.41,0.59,10.8,7
474,7.1,0.6,0.01,2.3,0.079,24,37,0.99514,3.4,0.61,10.9,6
475,7.9,0.35,0.46,3.6,0.078,15,37,0.9973,3.35,0.86,12.8,8
476,7.9,0.2,0.35,1.7,0.054,7,15,0.99458,3.32,0.8,11.9,7
477,9.6,0.56,0.23,3.4,0.102,37,92,0.9996,3.3,0.65,10.1,5
478,6.8,0.69,0,5.6,0.124,21,58,0.9997,3.46,0.72,10.2,5
479,5.2,0.49,0.26,2.3,0.09,23,74,0.9953,3.71,0.62,12.2,6
480,7.9,0.33,0.41,1.5,0.056,6,35,0.99396,3.29,0.71,11,6
481,13,0.47,0.49,4.3,0.085,6,47,1.0021,3.3,0.68,12.7,6
482,7.5,0.57,0.02,2.6,0.077,11,35,0.99557,3.36,0.62,10.8,6
483,8.9,0.5,0.21,2.2,0.088,21,39,0.99692,3.33,0.83,11.1,6
484,8.6,0.38,0.36,3,0.081,30,119,0.997,3.2,0.56,9.4,5
485,8.2,0.56,0.23,3.4,0.078,14,104,0.9976,3.28,0.62,9.4,5
486,10.2,0.41,0.43,2.2,0.11,11,37,0.99728,3.16,0.67,10.8,5
487,6.7,0.28,0.28,2.4,0.012,36,100,0.99064,3.26,0.39,11.7,7
488,6.9,0.84,0.21,4.1,0.074,16,65,0.99842,3.53,0.72,9.233333333,6
489,8.1,0.66,0.22,2.2,0.069,9,23,0.9968,3.3,1.2,10.3,5
490,6.8,0.36,0.32,1.8,0.067,4,8,0.9928,3.36,0.55,12.8,7
491,7.6,0.735,0.02,2.5,0.071,10,14,0.99538,3.51,0.71,11.7,7
492,9.8,0.44,0.47,2.5,0.063,9,28,0.9981,3.24,0.65,10.8,6
493,7.9,0.66,0,1.4,0.096,6,13,0.99569,3.43,0.58,9.5,5
494,5.3,0.715,0.19,1.5,0.161,7,62,0.99395,3.62,0.61,11,5
495,7.4,0.37,0.43,2.6,0.082,18,82,0.99708,3.33,0.68,9.7,6
496,7.6,0.645,0.03,1.9,0.086,14,57,0.9969,3.37,0.46,10.3,5
497,8.7,0.41,0.41,6.2,0.078,25,42,0.9953,3.24,0.77,12.6,7
498,7.8,0.52,0.25,1.9,0.081,14,38,0.9984,3.43,0.65,9,6
499,9.9,0.44,0.46,2.2,0.091,10,41,0.99638,3.18,0.69,11.9,6
500,10.3,0.53,0.48,2.5,0.063,6,25,0.9998,3.12,0.59,9.3,6
501,7.5,0.52,0.16,1.9,0.085,12,35,0.9968,3.38,0.62,9.5,7
502,7.4,0.36,0.34,1.8,0.075,18,38,0.9933,3.38,0.88,13.6,7
503,11.9,0.695,0.53,3.4,0.128,7,21,0.9992,3.17,0.84,12.2,7
504,6.3,0.55,0.15,1.8,0.077,26,35,0.99314,3.32,0.82,11.6,6
505,9.3,0.32,0.57,2,0.074,27,65,0.9969,3.28,0.79,10.7,5
506,7.3,0.52,0.32,2.1,0.07,51,70,0.99418,3.34,0.82,12.9,6
507,7.8,0.6,0.26,2,0.08,31,131,0.99622,3.21,0.52,9.9,5
508,11.9,0.58,0.58,1.9,0.071,5,18,0.998,3.09,0.63,10,6
509,8.8,0.61,0.19,4,0.094,30,69,0.99787,3.22,0.5,10,6
510,8.2,0.635,0.1,2.1,0.073,25,60,0.99638,3.29,0.75,10.9,6
511,9.1,0.3,0.34,2,0.064,12,25,0.99516,3.26,0.84,11.7,7
512,9.3,0.41,0.39,2.2,0.064,12,31,0.9984,3.26,0.65,10.2,5
513,7.5,0.61,0.2,1.7,0.076,36,60,0.99494,3.1,0.4,9.3,5
514,6.7,0.75,0.01,2.4,0.078,17,32,0.9955,3.55,0.61,12.8,6
515,12.9,0.35,0.49,5.8,0.066,5,35,1.0014,3.2,0.66,12,7
516,9.9,0.27,0.49,5,0.082,9,17,0.99484,3.19,0.52,12.5,7
517,6.6,0.84,0.03,2.3,0.059,32,48,0.9952,3.52,0.56,12.3,7
518,7.1,0.34,0.28,2,0.082,31,68,0.99694,3.45,0.48,9.4,5
519,9.9,0.5,0.5,13.8,0.205,48,82,1.00242,3.16,0.75,8.8,5
520,6.6,0.5,0,1.8,0.062,21,28,0.99352,3.44,0.55,12.3,6
521,8.4,0.36,0.32,2.2,0.081,32,79,0.9964,3.3,0.72,11,6
522,8,0.38,0.06,1.8,0.078,12,49,0.99625,3.37,0.52,9.9,6
523,8.3,0.65,0.1,2.9,0.089,17,40,0.99803,3.29,0.55,9.5,5
524,7.6,0.74,0,1.9,0.1,6,12,0.99521,3.36,0.59,11,5
525,10.1,0.27,0.54,2.3,0.065,7,26,0.99531,3.17,0.53,12.5,6
526,7.7,0.69,0.49,1.8,0.115,20,112,0.9968,3.21,0.71,9.3,5
527,9.3,0.39,0.44,2.1,0.107,34,125,0.9978,3.14,1.22,9.5,5
528,7.3,0.51,0.18,2.1,0.07,12,28,0.99768,3.52,0.73,9.5,6
529,9.3,0.775,0.27,2.8,0.078,24,56,0.9984,3.31,0.67,10.6,6
530,7.7,0.835,0,2.6,0.081,6,14,0.9975,3.3,0.52,9.3,5
531,7.5,0.43,0.3,2.2,0.062,6,12,0.99495,3.44,0.72,11.5,7
532,10.2,0.54,0.37,15.4,0.214,55,95,1.00369,3.18,0.77,9,6
533,8.5,0.49,0.11,2.3,0.084,9,67,0.9968,3.17,0.53,9.4,5
534,8.1,0.78,0.23,2.6,0.059,5,15,0.997,3.37,0.56,11.3,5
535,8,0.745,0.56,2,0.118,30,134,0.9968,3.24,0.66,9.4,5
536,5.9,0.46,0,1.9,0.077,25,44,0.99385,3.5,0.53,11.2,5
537,7.4,0.62,0.05,1.9,0.068,24,42,0.9961,3.42,0.57,11.5,6
538,8.3,0.26,0.42,2,0.08,11,27,0.9974,3.21,0.8,9.4,6
539,10.4,0.34,0.58,3.7,0.174,6,16,0.997,3.19,0.7,11.3,6
540,8,0.77,0.32,2.1,0.079,16,74,0.99656,3.27,0.5,9.8,6
541,10.2,0.4,0.4,2.5,0.068,41,54,0.99754,3.38,0.86,10.5,6
542,6.6,0.66,0,3,0.115,21,31,0.99629,3.45,0.63,10.3,5
543,7.7,0.96,0.2,2,0.047,15,60,0.9955,3.36,0.44,10.9,5
544,8.6,0.49,0.51,2,0.422,16,62,0.9979,3.03,1.17,9,5
545,7.5,0.51,0.02,1.7,0.084,13,31,0.99538,3.36,0.54,10.5,6
546,7.3,0.67,0.02,2.2,0.072,31,92,0.99566,3.32,0.68,11.06666667,6
547,6.8,0.67,0.02,1.8,0.05,5,11,0.9962,3.48,0.52,9.5,5
548,7.1,0.27,0.6,2.1,0.074,17,25,0.99814,3.38,0.72,10.6,6
549,7.5,0.51,0.02,1.7,0.084,13,31,0.99538,3.36,0.54,10.5,6
550,8.3,0.26,0.37,1.4,0.076,8,23,0.9974,3.26,0.7,9.6,6
551,10.4,0.52,0.45,2,0.08,6,13,0.99774,3.22,0.76,11.4,6
552,9.4,0.24,0.33,2.3,0.061,52,73,0.99786,3.47,0.9,10.2,6
553,9.7,0.69,0.32,2.5,0.088,22,91,0.9979,3.29,0.62,10.1,5
554,8.7,0.82,0.02,1.2,0.07,36,48,0.9952,3.2,0.58,9.8,5
555,7.4,0.49,0.19,3,0.077,16,37,0.9966,3.37,0.51,10.5,5
556,7.3,0.4,0.3,1.7,0.08,33,79,0.9969,3.41,0.65,9.5,6
557,7.8,0.32,0.44,2.7,0.104,8,17,0.99732,3.33,0.78,11,7
558,10,0.49,0.2,11,0.071,13,50,1.0015,3.16,0.69,9.2,6
559,9.9,0.35,0.38,1.5,0.058,31,47,0.99676,3.26,0.82,10.6,7
560,7.3,0.91,0.1,1.8,0.074,20,56,0.99672,3.35,0.56,9.2,5
561,7.3,0.98,0.05,2.1,0.061,20,49,0.99705,3.31,0.55,9.7,3
562,7.7,0.775,0.42,1.9,0.092,8,86,0.9959,3.23,0.59,9.5,5
563,7.2,0.655,0.03,1.8,0.078,7,12,0.99587,3.34,0.39,9.5,5
564,6.9,0.52,0.25,2.6,0.081,10,37,0.99685,3.46,0.5,11,5
565,8.9,0.635,0.37,1.7,0.263,5,62,0.9971,3,1.09,9.3,5
566,7.5,0.52,0.4,2.2,0.06,12,20,0.99474,3.26,0.64,11.8,6
567,6.5,0.885,0,2.3,0.166,6,12,0.99551,3.56,0.51,10.8,5
568,11.5,0.18,0.51,4,0.104,4,23,0.9996,3.28,0.97,10.1,6
569,10.7,0.52,0.38,2.6,0.066,29,56,0.99577,3.15,0.79,12.1,7
570,8.6,0.685,0.1,1.6,0.092,3,12,0.99745,3.31,0.65,9.55,6
571,6.9,0.5,0.04,1.5,0.085,19,49,0.9958,3.35,0.78,9.5,5
572,10.4,0.44,0.73,6.55,0.074,38,76,0.999,3.17,0.85,12,7
573,12,0.38,0.56,2.1,0.093,6,24,0.99925,3.14,0.71,10.9,6
574,6.7,1.04,0.08,2.3,0.067,19,32,0.99648,3.52,0.57,11,4
575,9.4,0.4,0.31,2.2,0.09,13,62,0.9966,3.07,0.63,10.5,6
576,13.3,0.43,0.58,1.9,0.07,15,40,1.0004,3.06,0.49,9,5
577,7.9,0.31,0.32,1.9,0.066,14,36,0.99364,3.41,0.56,12.6,6
578,7.1,0.875,0.05,5.7,0.082,3,14,0.99808,3.4,0.52,10.2,3
579,7.1,0.66,0,3.9,0.086,17,45,0.9976,3.46,0.54,9.5,5
580,6.1,0.38,0.15,1.8,0.072,6,19,0.9955,3.42,0.57,9.4,5
581,8.4,0.56,0.04,2,0.082,10,22,0.9976,3.22,0.44,9.6,5
582,8.2,1,0.09,2.3,0.065,7,37,0.99685,3.32,0.55,9,6
583,6.7,0.675,0.07,2.4,0.089,17,82,0.9958,3.35,0.54,10.1,5
584,7.9,0.545,0.06,4,0.087,27,61,0.9965,3.36,0.67,10.7,6
585,6.9,0.45,0.11,2.4,0.043,6,12,0.99354,3.3,0.65,11.4,6
586,9.8,0.3,0.39,1.7,0.062,3,9,0.9948,3.14,0.57,11.5,7
587,10.1,0.28,0.46,1.8,0.05,5,13,0.9974,3.04,0.79,10.2,6
588,7,0.62,0.18,1.5,0.062,7,50,0.9951,3.08,0.6,9.3,5
589,7.7,0.63,0.08,1.9,0.076,15,27,0.9967,3.32,0.54,9.5,6
590,5,0.4,0.5,4.3,0.046,29,80,0.9902,3.49,0.66,13.6,6
591,7.8,0.53,0.01,1.6,0.077,3,19,0.995,3.16,0.46,9.8,5
592,7.4,0.63,0.07,2.4,0.09,11,37,0.9979,3.43,0.76,9.7,6
593,7,0.56,0.17,1.7,0.065,15,24,0.99514,3.44,0.68,10.55,7
594,11.5,0.41,0.52,3,0.08,29,55,1.0001,3.26,0.88,11,5
595,7.7,0.53,0.06,1.7,0.074,9,39,0.99615,3.35,0.48,9.8,6
596,10.9,0.53,0.49,4.6,0.118,10,17,1.0002,3.07,0.56,11.7,6
597,6.3,0.98,0.01,2,0.057,15,33,0.99488,3.6,0.46,11.2,6
598,7.9,0.6,0.06,1.6,0.069,15,59,0.9964,3.3,0.46,9.4,5
599,9.4,0.3,0.56,2.8,0.08,6,17,0.9964,3.15,0.92,11.7,8
600,7.9,0.765,0,2,0.084,9,22,0.99619,3.33,0.68,10.9,6
601,7.7,0.915,0.12,2.2,0.143,7,23,0.9964,3.35,0.65,10.2,7
602,7.7,0.61,0.18,2.4,0.083,6,20,0.9963,3.29,0.6,10.2,6
603,6.8,0.775,0,3,0.102,8,23,0.9965,3.45,0.56,10.7,5
604,9.1,0.22,0.24,2.1,0.078,1,28,0.999,3.41,0.87,10.3,6
605,6.6,0.88,0.04,2.2,0.066,12,20,0.99636,3.53,0.56,9.9,5
606,6.9,0.63,0.02,1.9,0.078,18,30,0.99712,3.4,0.75,9.8,5
607,7,0.4,0.32,3.6,0.061,9,29,0.99416,3.28,0.49,11.3,7
608,6.5,0.53,0.06,2,0.063,29,44,0.99489,3.38,0.83,10.3,6
609,10.6,0.31,0.49,2.2,0.063,18,40,0.9976,3.14,0.51,9.8,6
610,6.4,0.47,0.4,2.4,0.071,8,19,0.9963,3.56,0.73,10.6,6
611,7.3,0.365,0.49,2.5,0.088,39,106,0.9966,3.36,0.78,11,5
612,7.5,0.64,0,2.4,0.077,18,29,0.9965,3.32,0.6,10,6
613,7.6,0.41,0.33,2.5,0.078,6,23,0.9957,3.3,0.58,11.2,5
614,7.7,0.62,0.04,3.8,0.084,25,45,0.9978,3.34,0.53,9.5,5
615,6.8,0.64,0,2.7,0.123,15,33,0.99538,3.44,0.63,11.3,6
616,8.6,0.33,0.4,2.6,0.083,16,68,0.99782,3.3,0.48,9.4,5
617,8.9,0.48,0.53,4,0.101,3,10,0.99586,3.21,0.59,12.1,7
618,6.2,0.46,0.17,1.6,0.073,7,11,0.99425,3.61,0.54,11.4,5
619,7.8,0.64,0,1.9,0.072,27,55,0.9962,3.31,0.63,11,5
620,9.3,0.48,0.29,2.1,0.127,6,16,0.9968,3.22,0.72,11.2,5
621,9.7,0.42,0.46,2.1,0.074,5,16,0.99649,3.27,0.74,12.3,6
622,8,0.725,0.24,2.8,0.083,10,62,0.99685,3.35,0.56,10,6
623,11.6,0.41,0.54,1.5,0.095,22,41,0.99735,3.02,0.76,9.9,7
624,6.9,0.63,0.33,6.7,0.235,66,115,0.99787,3.22,0.56,9.5,5
625,7.2,0.605,0.02,1.9,0.096,10,31,0.995,3.46,0.53,11.8,6
626,7,0.685,0,1.9,0.099,9,22,0.99606,3.34,0.6,9.7,5
627,9.7,0.295,0.4,1.5,0.073,14,21,0.99556,3.14,0.51,10.9,6
628,7.5,1.115,0.1,3.1,0.086,5,12,0.9958,3.54,0.6,11.2,4
629,7.1,0.75,0.01,2.2,0.059,11,18,0.99242,3.39,0.4,12.8,6
630,10.3,0.53,0.48,2.5,0.063,6,25,0.9998,3.12,0.59,9.3,6
631,12.5,0.46,0.49,4.5,0.07,26,49,0.9981,3.05,0.57,9.6,4
632,7.5,0.685,0.07,2.5,0.058,5,9,0.99632,3.38,0.55,10.9,4
633,7.7,0.58,0.01,1.8,0.088,12,18,0.99568,3.32,0.56,10.5,7
634,6.8,0.64,0.1,2.1,0.085,18,101,0.9956,3.34,0.52,10.2,5
635,6.6,0.61,0.01,1.9,0.08,8,25,0.99746,3.69,0.73,10.5,5
636,8.5,0.47,0.27,1.9,0.058,18,38,0.99518,3.16,0.85,11.1,6
637,9.8,0.34,0.39,1.4,0.066,3,7,0.9947,3.19,0.55,11.4,7
638,10.4,0.33,0.63,2.8,0.084,5,22,0.9998,3.26,0.74,11.2,7
639,7.5,0.27,0.34,2.3,0.05,4,8,0.9951,3.4,0.64,11,7
640,7.8,0.53,0.33,2.4,0.08,24,144,0.99655,3.3,0.6,9.5,5
641,7.2,0.62,0.06,2.5,0.078,17,84,0.99746,3.51,0.53,9.7,5
642,4.9,0.42,0,2.1,0.048,16,42,0.99154,3.71,0.74,14,7
643,5.8,0.61,0.11,1.8,0.066,18,28,0.99483,3.55,0.66,10.9,6
644,7.7,0.69,0.05,2.7,0.075,15,27,0.9974,3.26,0.61,9.1,5
645,7.4,0.39,0.48,2,0.082,14,67,0.9972,3.34,0.55,9.2,5
646,12.6,0.41,0.54,2.8,0.103,19,41,0.99939,3.21,0.76,11.3,6
647,8.7,0.7,0.24,2.5,0.226,5,15,0.9991,3.32,0.6,9,6
648,8.8,0.27,0.46,2.1,0.095,20,29,0.99488,3.26,0.56,11.3,6
649,6.3,1.02,0,2,0.083,17,24,0.99437,3.59,0.55,11.2,4
650,7.8,0.58,0.13,2.1,0.102,17,36,0.9944,3.24,0.53,11.2,6
651,5.4,0.835,0.08,1.2,0.046,13,93,0.9924,3.57,0.85,13,7
652,10.2,0.645,0.36,1.8,0.053,5,14,0.9982,3.17,0.42,10,6
653,5.6,0.66,0,2.2,0.087,3,11,0.99378,3.71,0.63,12.8,7
654,12.7,0.6,0.65,2.3,0.063,6,25,0.9997,3.03,0.57,9.9,5
655,11.1,0.31,0.53,2.2,0.06,3,10,0.99572,3.02,0.83,10.9,7
656,7.9,0.29,0.49,2.2,0.096,21,59,0.99714,3.31,0.67,10.1,6
657,7.3,0.69,0.32,2.2,0.069,35,104,0.99632,3.33,0.51,9.5,5
658,11.2,0.4,0.5,2,0.099,19,50,0.99783,3.1,0.58,10.4,5
659,7.1,0.56,0.14,1.6,0.078,7,18,0.99592,3.27,0.62,9.3,5
660,9.4,0.4,0.47,2.5,0.087,6,20,0.99772,3.15,0.5,10.5,5
661,7.5,0.6,0.32,2.7,0.103,13,98,0.99938,3.45,0.62,9.5,5
662,7.7,0.75,0.27,3.8,0.11,34,89,0.99664,3.24,0.45,9.3,5
663,8.2,0.73,0.21,1.7,0.074,5,13,0.9968,3.2,0.52,9.5,5
664,10.1,0.31,0.44,2.3,0.08,22,46,0.9988,3.32,0.67,9.7,6
665,7.5,0.705,0.24,1.8,0.36,15,63,0.9964,3,1.59,9.5,5
666,7.5,0.58,0.2,2,0.073,34,44,0.99494,3.1,0.43,9.3,5
667,7,0.22,0.3,1.8,0.065,16,20,0.99672,3.61,0.82,10,6
668,7.1,0.47,0,2.2,0.067,7,14,0.99517,3.4,0.58,10.9,4
669,9.2,0.31,0.36,2.2,0.079,11,31,0.99615,3.33,0.86,12,7
670,9.1,0.775,0.22,2.2,0.079,12,48,0.9976,3.18,0.51,9.6,5
671,9.7,0.31,0.47,1.6,0.062,13,33,0.9983,3.27,0.66,10,6
672,6.8,0.68,0.21,2.1,0.07,9,23,0.99546,3.38,0.6,10.3,5
673,7.2,0.62,0.06,2.7,0.077,15,85,0.99746,3.51,0.54,9.5,5
674,6.3,0.3,0.48,1.8,0.069,18,61,0.9959,3.44,0.78,10.3,6
675,7,0.5,0.25,2,0.07,3,22,0.9963,3.25,0.63,9.2,5
676,6.2,0.65,0.06,1.6,0.05,6,18,0.99348,3.57,0.54,11.95,5
677,7.2,0.6,0.04,2.5,0.076,18,88,0.99745,3.53,0.55,9.5,5
678,12.2,0.48,0.54,2.6,0.085,19,64,1,3.1,0.61,10.5,6
679,10.3,0.27,0.24,2.1,0.072,15,33,0.9956,3.22,0.66,12.8,6
680,6,0.54,0.06,1.8,0.05,38,89,0.99236,3.3,0.5,10.55,6
681,11.2,0.67,0.55,2.3,0.084,6,13,1,3.17,0.71,9.5,6
682,8.1,0.38,0.48,1.8,0.157,5,17,0.9976,3.3,1.05,9.4,5
683,7.2,0.34,0.32,2.5,0.09,43,113,0.9966,3.32,0.79,11.1,5
684,10.8,0.4,0.41,2.2,0.084,7,17,0.9984,3.08,0.67,9.3,6
685,5.6,0.5,0.09,2.3,0.049,17,99,0.9937,3.63,0.63,13,5
686,6.3,0.39,0.08,1.7,0.066,3,20,0.9954,3.34,0.58,9.4,5
687,10.2,0.29,0.65,2.4,0.075,6,17,0.99565,3.22,0.63,11.8,6
688,6.4,0.69,0,1.65,0.055,7,12,0.99162,3.47,0.53,12.9,6
689,6.9,0.58,0.01,1.9,0.08,40,54,0.99683,3.4,0.73,9.7,5
690,9.5,0.56,0.33,2.4,0.089,35,67,0.9972,3.28,0.73,11.8,7
691,7.7,0.23,0.37,1.8,0.046,23,60,0.9971,3.41,0.71,12.1,6
692,8.9,0.43,0.45,1.9,0.052,6,16,0.9948,3.35,0.7,12.5,6
693,9.1,0.64,0.23,3.1,0.095,13,38,0.9998,3.28,0.59,9.7,5
694,11,0.2,0.48,2,0.343,6,18,0.9979,3.3,0.71,10.5,5
695,9.1,0.22,0.24,2.1,0.078,1,28,0.999,3.41,0.87,10.3,6
696,6.1,0.59,0.01,2.1,0.056,5,13,0.99472,3.52,0.56,11.4,5
697,7.5,0.49,0.19,1.9,0.076,10,44,0.9957,3.39,0.54,9.7,5
698,7,0.55,0.13,2.2,0.075,15,35,0.9959,3.36,0.59,9.7,6
699,7.1,0.62,0.06,1.3,0.07,5,12,0.9942,3.17,0.48,9.8,5
700,12.4,0.4,0.51,2,0.059,6,24,0.9994,3.04,0.6,9.3,6
701,7.6,0.55,0.21,2.2,0.071,7,28,0.9964,3.28,0.55,9.7,5
702,6.5,0.58,0,2.2,0.096,3,13,0.99557,3.62,0.62,11.5,4
703,8.3,0.31,0.39,2.4,0.078,17,43,0.99444,3.31,0.77,12.5,7
704,9.8,0.25,0.49,2.7,0.088,15,33,0.9982,3.42,0.9,10,6
705,7.1,0.6,0,1.8,0.074,16,34,0.9972,3.47,0.7,9.9,6
706,10,0.59,0.31,2.2,0.09,26,62,0.9994,3.18,0.63,10.2,6
707,7.8,0.34,0.37,2,0.082,24,58,0.9964,3.34,0.59,9.4,6
708,8.2,0.35,0.33,2.4,0.076,11,47,0.99599,3.27,0.81,11,6
709,7.5,0.51,0.02,1.7,0.084,13,31,0.99538,3.36,0.54,10.5,6
710,7.2,0.65,0.02,2.3,0.094,5,31,0.9993,3.67,0.8,9.7,5
711,9.8,0.45,0.38,2.5,0.081,34,66,0.99726,3.15,0.58,9.8,5
712,10.5,0.28,0.51,1.7,0.08,10,24,0.9982,3.2,0.89,9.4,6
713,10.4,0.41,0.55,3.2,0.076,22,54,0.9996,3.15,0.89,9.9,6
714,7.4,0.785,0.19,5.2,0.094,19,98,0.99713,3.16,0.52,9.6,6
715,11.3,0.62,0.67,5.2,0.086,6,19,0.9988,3.22,0.69,13.4,8
716,6,0.49,0,2.3,0.068,15,33,0.99292,3.58,0.59,12.5,6
717,9,0.38,0.41,2.4,0.103,6,10,0.99604,3.13,0.58,11.9,7
718,7.7,0.67,0.23,2.1,0.088,17,96,0.9962,3.32,0.48,9.5,5
719,9,0.39,0.4,1.3,0.044,25,50,0.99478,3.2,0.83,10.9,6
720,7.2,0.415,0.36,2,0.081,13,45,0.9972,3.48,0.64,9.2,5
721,8.7,0.675,0.1,1.6,0.09,4,11,0.99745,3.31,0.65,9.55,5
722,11.4,0.36,0.69,2.1,0.09,6,21,1,3.17,0.62,9.2,6
723,11.7,0.45,0.63,2.2,0.073,7,23,0.99974,3.21,0.69,10.9,6
724,8.6,0.47,0.47,2.4,0.074,7,29,0.9979,3.08,0.46,9.5,5
725,7.7,0.39,0.12,1.7,0.097,19,27,0.99596,3.16,0.49,9.4,5
726,6.7,0.32,0.44,2.4,0.061,24,34,0.99484,3.29,0.8,11.6,7
727,12.8,0.3,0.74,2.6,0.095,9,28,0.9994,3.2,0.77,10.8,7
728,12.3,0.5,0.49,2.2,0.089,5,14,1.0002,3.19,0.44,9.6,5
729,8.3,0.6,0.13,2.6,0.085,6,24,0.9984,3.31,0.59,9.2,6
730,7.4,0.53,0.12,1.9,0.165,4,12,0.99702,3.26,0.86,9.2,5
731,7.5,0.55,0.24,2,0.078,10,28,0.9983,3.45,0.78,9.5,6
732,6.7,0.67,0.02,1.9,0.061,26,42,0.99489,3.39,0.82,10.9,6
733,7.4,0.29,0.38,1.7,0.062,9,30,0.9968,3.41,0.53,9.5,6
734,7.9,0.34,0.36,1.9,0.065,5,10,0.99419,3.27,0.54,11.2,7
735,9.9,0.74,0.28,2.6,0.078,21,77,0.998,3.28,0.51,9.8,5
736,6.9,0.74,0.03,2.3,0.054,7,16,0.99508,3.45,0.63,11.5,6
737,8.4,0.31,0.29,3.1,0.194,14,26,0.99536,3.22,0.78,12,6
738,11.6,0.42,0.53,3.3,0.105,33,98,1.001,3.2,0.95,9.2,5
739,6.2,0.6,0.08,2,0.09,32,44,0.9949,3.45,0.58,10.5,5
740,6.7,0.86,0.07,2,0.1,20,57,0.99598,3.6,0.74,11.7,6
741,9.5,0.37,0.52,2,0.082,6,26,0.998,3.18,0.51,9.5,5
742,8.8,0.45,0.43,1.4,0.076,12,21,0.99551,3.21,0.75,10.2,6
743,7.1,0.59,0.02,2.3,0.082,24,94,0.99744,3.55,0.53,9.7,6
744,6.5,0.4,0.1,2,0.076,30,47,0.99554,3.36,0.48,9.4,6
745,6.1,0.32,0.25,2.3,0.071,23,58,0.99633,3.42,0.97,10.6,5
746,8.8,0.685,0.26,1.6,0.088,16,23,0.99694,3.32,0.47,9.4,5
747,8,0.6,0.22,2.1,0.08,25,105,0.99613,3.3,0.49,9.9,5
748,6.7,0.56,0.09,2.9,0.079,7,22,0.99669,3.46,0.61,10.2,5
749,10.6,0.5,0.45,2.6,0.119,34,68,0.99708,3.23,0.72,10.9,6
750,9,0.44,0.49,2.4,0.078,26,121,0.9978,3.23,0.58,9.2,5
751,10.3,0.43,0.44,2.4,0.214,5,12,0.9994,3.19,0.63,9.5,6
752,10.5,0.59,0.49,2.1,0.07,14,47,0.9991,3.3,0.56,9.6,4
753,6.8,0.61,0.2,1.8,0.077,11,65,0.9971,3.54,0.58,9.3,5
754,10.4,0.33,0.63,2.8,0.084,5,22,0.9998,3.26,0.74,11.2,7
755,9.4,0.685,0.11,2.7,0.077,6,31,0.9984,3.19,0.7,10.1,6
756,7.2,0.57,0.05,2.3,0.081,16,36,0.99564,3.38,0.6,10.3,6
757,6.8,0.41,0.31,8.8,0.084,26,45,0.99824,3.38,0.64,10.1,6
758,12.4,0.35,0.49,2.6,0.079,27,69,0.9994,3.12,0.75,10.4,6
759,6.4,0.64,0.21,1.8,0.081,14,31,0.99689,3.59,0.66,9.8,5
760,7.4,0.36,0.29,2.6,0.087,26,72,0.99645,3.39,0.68,11,5
761,7.1,0.66,0,2.4,0.052,6,11,0.99318,3.35,0.66,12.7,7
762,7.5,0.38,0.57,2.3,0.106,5,12,0.99605,3.36,0.55,11.4,6
763,7.8,0.91,0.07,1.9,0.058,22,47,0.99525,3.51,0.43,10.7,6
764,9.8,1.24,0.34,2,0.079,32,151,0.998,3.15,0.53,9.5,5
765,7,0.36,0.21,2.3,0.086,20,65,0.99558,3.4,0.54,10.1,6
766,6.5,0.34,0.27,2.8,0.067,8,44,0.99384,3.21,0.56,12,6
767,7.3,0.67,0.26,1.8,0.401,16,51,0.9969,3.16,1.14,9.4,5
768,8.3,0.65,0.1,2.9,0.089,17,40,0.99803,3.29,0.55,9.5,5
769,6.1,0.53,0.08,1.9,0.077,24,45,0.99528,3.6,0.68,10.3,6
770,9.2,0.56,0.18,1.6,0.078,10,21,0.99576,3.15,0.49,9.9,5
771,7.2,0.54,0.27,2.6,0.084,12,78,0.9964,3.39,0.71,11,5
772,10.2,0.33,0.46,1.9,0.081,6,9,0.99628,3.1,0.48,10.4,6
773,15.9,0.36,0.65,7.5,0.096,22,71,0.9976,2.98,0.84,14.9,5
774,13.2,0.46,0.52,2.2,0.071,12,35,1.0006,3.1,0.56,9,6
775,7.1,0.43,0.42,5.5,0.07,29,129,0.9973,3.42,0.72,10.5,5
776,8,0.52,0.03,1.7,0.07,10,35,0.99575,3.34,0.57,10,5
777,6.7,0.64,0.23,2.1,0.08,11,119,0.99538,3.36,0.7,10.9,5
778,15.5,0.645,0.49,4.2,0.095,10,23,1.00315,2.92,0.74,11.1,5
779,5.8,1.01,0.66,2,0.039,15,88,0.99357,3.66,0.6,11.5,6
780,7.2,0.695,0.13,2,0.076,12,20,0.99546,3.29,0.54,10.1,5
781,7,0.43,0.36,1.6,0.089,14,37,0.99615,3.34,0.56,9.2,6
782,10.8,0.45,0.33,2.5,0.099,20,38,0.99818,3.24,0.71,10.8,5
783,7.7,0.28,0.3,2,0.062,18,34,0.9952,3.28,0.9,11.3,7
784,6.6,0.96,0,1.8,0.082,5,16,0.9936,3.5,0.44,11.9,6
785,7.5,0.31,0.41,2.4,0.065,34,60,0.99492,3.34,0.85,11.4,6
786,9.3,0.655,0.26,2,0.096,5,35,0.99738,3.25,0.42,9.6,5
787,5.1,0.585,0,1.7,0.044,14,86,0.99264,3.56,0.94,12.9,7
788,7.9,0.58,0.23,2.3,0.076,23,94,0.99686,3.21,0.58,9.5,6
789,9,0.54,0.49,2.9,0.094,41,110,0.9982,3.08,0.61,9.2,5
790,8.8,0.24,0.35,1.7,0.055,13,27,0.99394,3.14,0.59,11.3,7
791,6.9,0.48,0.2,1.9,0.082,9,23,0.99585,3.39,0.43,9.05,4
792,10.5,0.43,0.35,3.3,0.092,24,70,0.99798,3.21,0.69,10.5,6
793,7.8,0.645,0,2,0.082,8,16,0.9964,3.38,0.59,9.8,6
794,8.6,0.47,0.3,3,0.076,30,135,0.9976,3.3,0.53,9.4,5
795,8.3,0.56,0.22,2.4,0.082,10,86,0.9983,3.37,0.62,9.5,5
796,9.6,0.77,0.12,2.9,0.082,30,74,0.99865,3.3,0.64,10.4,6
797,9.2,0.755,0.18,2.2,0.148,10,103,0.9969,2.87,1.36,10.2,6
798,7.6,0.63,0.03,2,0.08,27,43,0.99578,3.44,0.64,10.9,6
799,10.6,0.83,0.37,2.6,0.086,26,70,0.9981,3.16,0.52,9.9,5
